PassengerId,Survived,Pclass,Name,Sex,Age,SibSp,Parch,Ticket,Fare,Cabin,Embarked
1,0,3,Synthetic Passenger 0001,male,22,1,0,SYN-TICKET-0001,7.25,,S
2,1,1,Synthetic Passenger 0002,female,38,1,0,SYN-TICKET-0002,71.2833,C85,C
3,1,3,Synthetic Passenger 0003,female,26,0,0,SYN-TICKET-0003,7.925,,S
4,1,1,Synthetic Passenger 0004,female,35,1,0,SYN-TICKET-0004,53.1,C123,S
5,0,3,Synthetic Passenger 0005,male,35,0,0,SYN-TICKET-0005,8.05,,S
6,0,3,Synthetic Passenger 0006,male,,0,0,SYN-TICKET-0006,8.4583,,Q
7,0,1,Synthetic Passenger 0007,male,54,0,0,SYN-TICKET-0007,51.8625,E46,S
8,0,3,Synthetic Passenger 0008,male,2,3,1,SYN-TICKET-0008,21.075,,S
9,1,3,Synthetic Passenger 0009,female,27,0,2,SYN-TICKET-0009,11.1333,,S
10,1,2,Synthetic Passenger 0010,female,14,1,0,SYN-TICKET-0010,30.0708,,C
11,1,3,Synthetic Passenger 0011,female,4,1,1,SYN-TICKET-0011,16.7,G6,S
12,1,1,Synthetic Passenger 0012,female,58,0,0,SYN-TICKET-0012,26.55,C103,S
13,0,3,Synthetic Passenger 0013,male,20,0,0,SYN-TICKET-0013,8.05,,S
14,0,3,Synthetic Passenger 0014,male,39,1,5,SYN-TICKET-0014,31.275,,S
15,0,3,Synthetic Passenger 0015,female,14,0,0,SYN-TICKET-0015,7.8542,,S
16,1,2,Synthetic Passenger 0016,female,55,0,0,SYN-TICKET-0016,16,,S
17,0,3,Synthetic Passenger 0017,male,2,4,1,SYN-TICKET-0017,29.125,,Q
18,1,2,Synthetic Passenger 0018,male,,0,0,SYN-TICKET-0018,13,,S
19,0,3,Synthetic Passenger 0019,female,31,1,0,SYN-TICKET-0019,18,,S
20,1,3,Synthetic Passenger 0020,female,,0,0,SYN-TICKET-0020,7.225,,C
21,0,2,Synthetic Passenger 0021,male,35,0,0,SYN-TICKET-0021,26,,S
22,1,2,Synthetic Passenger 0022,male,34,0,0,SYN-TICKET-0022,13,D56,S
23,1,3,Synthetic Passenger 0023,female,15,0,0,SYN-TICKET-0023,8.0292,,Q
24,1,1,Synthetic Passenger 0024,male,28,0,0,SYN-TICKET-0024,35.5,A6,S
25,0,3,Synthetic Passenger 0025,female,8,3,1,SYN-TICKET-0025,21.075,,S
26,1,3,Synthetic Passenger 0026,female,38,1,5,SYN-TICKET-0026,31.3875,,S
27,0,3,Synthetic Passenger 0027,male,,0,0,SYN-TICKET-0027,7.225,,C
28,0,1,Synthetic Passenger 0028,male,19,3,2,SYN-TICKET-0028,263,C23 C25 C27,S
29,1,3,Synthetic Passenger 0029,female,,0,0,SYN-TICKET-0029,7.8792,,Q
30,0,3,Synthetic Passenger 0030,male,,0,0,SYN-TICKET-0030,7.8958,,S
31,0,1,Synthetic Passenger 0031,male,40,0,0,SYN-TICKET-0031,27.7208,,C
32,1,1,Synthetic Passenger 0032,female,,1,0,SYN-TICKET-0032,146.5208,B78,C
33,1,3,Synthetic Passenger 0033,female,,0,0,SYN-TICKET-0033,7.75,,Q
34,0,2,Synthetic Passenger 0034,male,66,0,0,SYN-TICKET-0034,10.5,,S
35,0,1,Synthetic Passenger 0035,male,28,1,0,SYN-TICKET-0035,82.1708,,C
36,0,1,Synthetic Passenger 0036,male,42,1,0,SYN-TICKET-0036,52,,S
37,1,3,Synthetic Passenger 0037,male,,0,0,SYN-TICKET-0037,7.2292,,C
38,0,3,Synthetic Passenger 0038,male,21,0,0,SYN-TICKET-0038,8.05,,S
39,0,3,Synthetic Passenger 0039,female,18,2,0,SYN-TICKET-0039,18,,S
40,1,3,Synthetic Passenger 0040,female,14,1,0,SYN-TICKET-0040,11.2417,,C
41,0,3,Synthetic Passenger 0041,female,40,1,0,SYN-TICKET-0041,9.475,,S
42,0,2,Synthetic Passenger 0042,female,27,1,0,SYN-TICKET-0042,21,,S
43,0,3,Synthetic Passenger 0043,male,,0,0,SYN-TICKET-0043,7.8958,,C
44,1,2,Synthetic Passenger 0044,female,3,1,2,SYN-TICKET-0044,41.5792,,C
45,1,3,Synthetic Passenger 0045,female,19,0,0,SYN-TICKET-0045,7.8792,,Q
46,0,3,Synthetic Passenger 0046,male,,0,0,SYN-TICKET-0046,8.05,,S
47,0,3,Synthetic Passenger 0047,male,,1,0,SYN-TICKET-0047,15.5,,Q
48,1,3,Synthetic Passenger 0048,female,,0,0,SYN-TICKET-0048,7.75,,Q
49,0,3,Synthetic Passenger 0049,male,,2,0,SYN-TICKET-0049,21.6792,,C
50,0,3,Synthetic Passenger 0050,female,18,1,0,SYN-TICKET-0050,17.8,,S
51,0,3,Synthetic Passenger 0051,male,7,4,1,SYN-TICKET-0051,39.6875,,S
52,0,3,Synthetic Passenger 0052,male,21,0,0,SYN-TICKET-0052,7.8,,S
53,1,1,Synthetic Passenger 0053,female,49,1,0,SYN-TICKET-0053,76.7292,D33,C
54,1,2,Synthetic Passenger 0054,female,29,1,0,SYN-TICKET-0054,26,,S
55,0,1,Synthetic Passenger 0055,male,65,0,1,SYN-TICKET-0055,61.9792,B30,C
56,1,1,Synthetic Passenger 0056,male,,0,0,SYN-TICKET-0056,35.5,C52,S
57,1,2,Synthetic Passenger 0057,female,21,0,0,SYN-TICKET-0057,10.5,,S
58,0,3,Synthetic Passenger 0058,male,28.5,0,0,SYN-TICKET-0058,7.2292,,C
59,1,2,Synthetic Passenger 0059,female,5,1,2,SYN-TICKET-0059,27.75,,S
60,0,3,Synthetic Passenger 0060,male,11,5,2,SYN-TICKET-0060,46.9,,S
61,0,3,Synthetic Passenger 0061,male,22,0,0,SYN-TICKET-0061,7.2292,,C
62,1,1,Synthetic Passenger 0062,female,38,0,0,SYN-TICKET-0062,80,B28,
63,0,1,Synthetic Passenger 0063,male,45,1,0,SYN-TICKET-0063,83.475,C83,S
64,0,3,Synthetic Passenger 0064,male,4,3,2,SYN-TICKET-0064,27.9,,S
65,0,1,Synthetic Passenger 0065,male,,0,0,SYN-TICKET-0065,27.7208,,C
66,1,3,Synthetic Passenger 0066,male,,1,1,SYN-TICKET-0066,15.2458,,C
67,1,2,Synthetic Passenger 0067,female,29,0,0,SYN-TICKET-0067,10.5,F33,S
68,0,3,Synthetic Passenger 0068,male,19,0,0,SYN-TICKET-0068,8.1583,,S
69,1,3,Synthetic Passenger 0069,female,17,4,2,SYN-TICKET-0069,7.925,,S
70,0,3,Synthetic Passenger 0070,male,26,2,0,SYN-TICKET-0070,8.6625,,S
71,0,2,Synthetic Passenger 0071,male,32,0,0,SYN-TICKET-0071,10.5,,S
72,0,3,Synthetic Passenger 0072,female,16,5,2,SYN-TICKET-0072,46.9,,S
73,0,2,Synthetic Passenger 0073,male,21,0,0,SYN-TICKET-0073,73.5,,S
74,0,3,Synthetic Passenger 0074,male,26,1,0,SYN-TICKET-0074,14.4542,,C
75,1,3,Synthetic Passenger 0075,male,32,0,0,SYN-TICKET-0075,56.4958,,S
76,0,3,Synthetic Passenger 0076,male,25,0,0,SYN-TICKET-0076,7.65,F G73,S
77,0,3,Synthetic Passenger 0077,male,,0,0,SYN-TICKET-0077,7.8958,,S
78,0,3,Synthetic Passenger 0078,male,,0,0,SYN-TICKET-0078,8.05,,S
79,1,2,Synthetic Passenger 0079,male,0.83,0,2,SYN-TICKET-0079,29,,S
80,1,3,Synthetic Passenger 0080,female,30,0,0,SYN-TICKET-0080,12.475,,S
81,0,3,Synthetic Passenger 0081,male,22,0,0,SYN-TICKET-0081,9,,S
82,1,3,Synthetic Passenger 0082,male,29,0,0,SYN-TICKET-0082,9.5,,S
83,1,3,Synthetic Passenger 0083,female,,0,0,SYN-TICKET-0083,7.7875,,Q
84,0,1,Synthetic Passenger 0084,male,28,0,0,SYN-TICKET-0084,47.1,,S
85,1,2,Synthetic Passenger 0085,female,17,0,0,SYN-TICKET-0085,10.5,,S
86,1,3,Synthetic Passenger 0086,female,33,3,0,SYN-TICKET-0086,15.85,,S
87,0,3,Synthetic Passenger 0087,male,16,1,3,SYN-TICKET-0087,34.375,,S
88,0,3,Synthetic Passenger 0088,male,,0,0,SYN-TICKET-0088,8.05,,S
89,1,1,Synthetic Passenger 0089,female,23,3,2,SYN-TICKET-0089,263,C23 C25 C27,S
90,0,3,Synthetic Passenger 0090,male,24,0,0,SYN-TICKET-0090,8.05,,S
91,0,3,Synthetic Passenger 0091,male,29,0,0,SYN-TICKET-0091,8.05,,S
92,0,3,Synthetic Passenger 0092,male,20,0,0,SYN-TICKET-0092,7.8542,,S
93,0,1,Synthetic Passenger 0093,male,46,1,0,SYN-TICKET-0093,61.175,E31,S
94,0,3,Synthetic Passenger 0094,male,26,1,2,SYN-TICKET-0094,20.575,,S
95,0,3,Synthetic Passenger 0095,male,59,0,0,SYN-TICKET-0095,7.25,,S
96,0,3,Synthetic Passenger 0096,male,,0,0,SYN-TICKET-0096,8.05,,S
97,0,1,Synthetic Passenger 0097,male,71,0,0,SYN-TICKET-0097,34.6542,A5,C
98,1,1,Synthetic Passenger 0098,male,23,0,1,SYN-TICKET-0098,63.3583,D10 D12,C
99,1,2,Synthetic Passenger 0099,female,34,0,1,SYN-TICKET-0099,23,,S
100,0,2,Synthetic Passenger 0100,male,34,1,0,SYN-TICKET-0100,26,,S
101,0,3,Synthetic Passenger 0101,female,28,0,0,SYN-TICKET-0101,7.8958,,S
102,0,3,Synthetic Passenger 0102,male,,0,0,SYN-TICKET-0102,7.8958,,S
103,0,1,Synthetic Passenger 0103,male,21,0,1,SYN-TICKET-0103,77.2875,D26,S
104,0,3,Synthetic Passenger 0104,male,33,0,0,SYN-TICKET-0104,8.6542,,S
105,0,3,Synthetic Passenger 0105,male,37,2,0,SYN-TICKET-0105,7.925,,S
106,0,3,Synthetic Passenger 0106,male,28,0,0,SYN-TICKET-0106,7.8958,,S
107,1,3,Synthetic Passenger 0107,female,21,0,0,SYN-TICKET-0107,7.65,,S
108,1,3,Synthetic Passenger 0108,male,,0,0,SYN-TICKET-0108,7.775,,S
109,0,3,Synthetic Passenger 0109,male,38,0,0,SYN-TICKET-0109,7.8958,,S
110,1,3,Synthetic Passenger 0110,female,,1,0,SYN-TICKET-0110,24.15,,Q
111,0,1,Synthetic Passenger 0111,male,47,0,0,SYN-TICKET-0111,52,C110,S
112,0,3,Synthetic Passenger 0112,female,14.5,1,0,SYN-TICKET-0112,14.4542,,C
113,0,3,Synthetic Passenger 0113,male,22,0,0,SYN-TICKET-0113,8.05,,S
114,0,3,Synthetic Passenger 0114,female,20,1,0,SYN-TICKET-0114,9.825,,S
115,0,3,Synthetic Passenger 0115,female,17,0,0,SYN-TICKET-0115,14.4583,,C
116,0,3,Synthetic Passenger 0116,male,21,0,0,SYN-TICKET-0116,7.925,,S
117,0,3,Synthetic Passenger 0117,male,70.5,0,0,SYN-TICKET-0117,7.75,,Q
118,0,2,Synthetic Passenger 0118,male,29,1,0,SYN-TICKET-0118,21,,S
119,0,1,Synthetic Passenger 0119,male,24,0,1,SYN-TICKET-0119,247.5208,B58 B60,C
120,0,3,Synthetic Passenger 0120,female,2,4,2,SYN-TICKET-0120,31.275,,S
121,0,2,Synthetic Passenger 0121,male,21,2,0,SYN-TICKET-0121,73.5,,S
122,0,3,Synthetic Passenger 0122,male,,0,0,SYN-TICKET-0122,8.05,,S
123,0,2,Synthetic Passenger 0123,male,32.5,1,0,SYN-TICKET-0123,30.0708,,C
124,1,2,Synthetic Passenger 0124,female,32.5,0,0,SYN-TICKET-0124,13,E101,S
125,0,1,Synthetic Passenger 0125,male,54,0,1,SYN-TICKET-0125,77.2875,D26,S
126,1,3,Synthetic Passenger 0126,male,12,1,0,SYN-TICKET-0126,11.2417,,C
127,0,3,Synthetic Passenger 0127,male,,0,0,SYN-TICKET-0127,7.75,,Q
128,1,3,Synthetic Passenger 0128,male,24,0,0,SYN-TICKET-0128,7.1417,,S
129,1,3,Synthetic Passenger 0129,female,,1,1,SYN-TICKET-0129,22.3583,F E69,C
130,0,3,Synthetic Passenger 0130,male,45,0,0,SYN-TICKET-0130,6.975,,S
131,0,3,Synthetic Passenger 0131,male,33,0,0,SYN-TICKET-0131,7.8958,,C
132,0,3,Synthetic Passenger 0132,male,20,0,0,SYN-TICKET-0132,7.05,,S
133,0,3,Synthetic Passenger 0133,female,47,1,0,SYN-TICKET-0133,14.5,,S
134,1,2,Synthetic Passenger 0134,female,29,1,0,SYN-TICKET-0134,26,,S
135,0,2,Synthetic Passenger 0135,male,25,0,0,SYN-TICKET-0135,13,,S
136,0,2,Synthetic Passenger 0136,male,23,0,0,SYN-TICKET-0136,15.0458,,C
137,1,1,Synthetic Passenger 0137,female,19,0,2,SYN-TICKET-0137,26.2833,D47,S
138,0,1,Synthetic Passenger 0138,male,37,1,0,SYN-TICKET-0138,53.1,C123,S
139,0,3,Synthetic Passenger 0139,male,16,0,0,SYN-TICKET-0139,9.2167,,S
140,0,1,Synthetic Passenger 0140,male,24,0,0,SYN-TICKET-0140,79.2,B86,C
141,0,3,Synthetic Passenger 0141,female,,0,2,SYN-TICKET-0141,15.2458,,C
142,1,3,Synthetic Passenger 0142,female,22,0,0,SYN-TICKET-0142,7.75,,S
143,1,3,Synthetic Passenger 0143,female,24,1,0,SYN-TICKET-0143,15.85,,S
144,0,3,Synthetic Passenger 0144,male,19,0,0,SYN-TICKET-0144,6.75,,Q
145,0,2,Synthetic Passenger 0145,male,18,0,0,SYN-TICKET-0145,11.5,,S
146,0,2,Synthetic Passenger 0146,male,19,1,1,SYN-TICKET-0146,36.75,,S
147,1,3,Synthetic Passenger 0147,male,27,0,0,SYN-TICKET-0147,7.7958,,S
148,0,3,Synthetic Passenger 0148,female,9,2,2,SYN-TICKET-0148,34.375,,S
149,0,2,Synthetic Passenger 0149,male,36.5,0,2,SYN-TICKET-0149,26,F2,S
150,0,2,Synthetic Passenger 0150,male,42,0,0,SYN-TICKET-0150,13,,S
151,0,2,Synthetic Passenger 0151,male,51,0,0,SYN-TICKET-0151,12.525,,S
152,1,1,Synthetic Passenger 0152,female,22,1,0,SYN-TICKET-0152,66.6,C2,S
153,0,3,Synthetic Passenger 0153,male,55.5,0,0,SYN-TICKET-0153,8.05,,S
154,0,3,Synthetic Passenger 0154,male,40.5,0,2,SYN-TICKET-0154,14.5,,S
155,0,3,Synthetic Passenger 0155,male,,0,0,SYN-TICKET-0155,7.3125,,S
156,0,1,Synthetic Passenger 0156,male,51,0,1,SYN-TICKET-0156,61.3792,,C
157,1,3,Synthetic Passenger 0157,female,16,0,0,SYN-TICKET-0157,7.7333,,Q
158,0,3,Synthetic Passenger 0158,male,30,0,0,SYN-TICKET-0158,8.05,,S
159,0,3,Synthetic Passenger 0159,male,,0,0,SYN-TICKET-0159,8.6625,,S
160,0,3,Synthetic Passenger 0160,male,,8,2,SYN-TICKET-0160,69.55,,S
161,0,3,Synthetic Passenger 0161,male,44,0,1,SYN-TICKET-0161,16.1,,S
162,1,2,Synthetic Passenger 0162,female,40,0,0,SYN-TICKET-0162,15.75,,S
163,0,3,Synthetic Passenger 0163,male,26,0,0,SYN-TICKET-0163,7.775,,S
164,0,3,Synthetic Passenger 0164,male,17,0,0,SYN-TICKET-0164,8.6625,,S
165,0,3,Synthetic Passenger 0165,male,1,4,1,SYN-TICKET-0165,39.6875,,S
166,1,3,Synthetic Passenger 0166,male,9,0,2,SYN-TICKET-0166,20.525,,S
167,1,1,Synthetic Passenger 0167,female,,0,1,SYN-TICKET-0167,55,E33,S
168,0,3,Synthetic Passenger 0168,female,45,1,4,SYN-TICKET-0168,27.9,,S
169,0,1,Synthetic Passenger 0169,male,,0,0,SYN-TICKET-0169,25.925,,S
170,0,3,Synthetic Passenger 0170,male,28,0,0,SYN-TICKET-0170,56.4958,,S
171,0,1,Synthetic Passenger 0171,male,61,0,0,SYN-TICKET-0171,33.5,B19,S
172,0,3,Synthetic Passenger 0172,male,4,4,1,SYN-TICKET-0172,29.125,,Q
173,1,3,Synthetic Passenger 0173,female,1,1,1,SYN-TICKET-0173,11.1333,,S
174,0,3,Synthetic Passenger 0174,male,21,0,0,SYN-TICKET-0174,7.925,,S
175,0,1,Synthetic Passenger 0175,male,56,0,0,SYN-TICKET-0175,30.6958,A7,C
176,0,3,Synthetic Passenger 0176,male,18,1,1,SYN-TICKET-0176,7.8542,,S
177,0,3,Synthetic Passenger 0177,male,,3,1,SYN-TICKET-0177,25.4667,,S
178,0,1,Synthetic Passenger 0178,female,50,0,0,SYN-TICKET-0178,28.7125,C49,C
179,0,2,Synthetic Passenger 0179,male,30,0,0,SYN-TICKET-0179,13,,S
180,0,3,Synthetic Passenger 0180,male,36,0,0,SYN-TICKET-0180,0,,S
181,0,3,Synthetic Passenger 0181,female,,8,2,SYN-TICKET-0181,69.55,,S
182,0,2,Synthetic Passenger 0182,male,,0,0,SYN-TICKET-0182,15.05,,C
183,0,3,Synthetic Passenger 0183,male,9,4,2,SYN-TICKET-0183,31.3875,,S
184,1,2,Synthetic Passenger 0184,male,1,2,1,SYN-TICKET-0184,39,F4,S
185,1,3,Synthetic Passenger 0185,female,4,0,2,SYN-TICKET-0185,22.025,,S
186,0,1,Synthetic Passenger 0186,male,,0,0,SYN-TICKET-0186,50,A32,S
187,1,3,Synthetic Passenger 0187,female,,1,0,SYN-TICKET-0187,15.5,,Q
188,1,1,Synthetic Passenger 0188,male,45,0,0,SYN-TICKET-0188,26.55,,S
189,0,3,Synthetic Passenger 0189,male,40,1,1,SYN-TICKET-0189,15.5,,Q
190,0,3,Synthetic Passenger 0190,male,36,0,0,SYN-TICKET-0190,7.8958,,S
191,1,2,Synthetic Passenger 0191,female,32,0,0,SYN-TICKET-0191,13,,S
192,0,2,Synthetic Passenger 0192,male,19,0,0,SYN-TICKET-0192,13,,S
193,1,3,Synthetic Passenger 0193,female,19,1,0,SYN-TICKET-0193,7.8542,,S
194,1,2,Synthetic Passenger 0194,male,3,1,1,SYN-TICKET-0194,26,F2,S
195,1,1,Synthetic Passenger 0195,female,44,0,0,SYN-TICKET-0195,27.7208,B4,C
196,1,1,Synthetic Passenger 0196,female,58,0,0,SYN-TICKET-0196,146.5208,B80,C
197,0,3,Synthetic Passenger 0197,male,,0,0,SYN-TICKET-0197,7.75,,Q
198,0,3,Synthetic Passenger 0198,male,42,0,1,SYN-TICKET-0198,8.4042,,S
199,1,3,Synthetic Passenger 0199,female,,0,0,SYN-TICKET-0199,7.75,,Q
200,0,2,Synthetic Passenger 0200,female,24,0,0,SYN-TICKET-0200,13,,S
201,0,3,Synthetic Passenger 0201,male,28,0,0,SYN-TICKET-0201,9.5,,S
202,0,3,Synthetic Passenger 0202,male,,8,2,SYN-TICKET-0202,69.55,,S
203,0,3,Synthetic Passenger 0203,male,34,0,0,SYN-TICKET-0203,6.4958,,S
204,0,3,Synthetic Passenger 0204,male,45.5,0,0,SYN-TICKET-0204,7.225,,C
205,1,3,Synthetic Passenger 0205,male,18,0,0,SYN-TICKET-0205,8.05,,S
206,0,3,Synthetic Passenger 0206,female,2,0,1,SYN-TICKET-0206,10.4625,G6,S
207,0,3,Synthetic Passenger 0207,male,32,1,0,SYN-TICKET-0207,15.85,,S
208,1,3,Synthetic Passenger 0208,male,26,0,0,SYN-TICKET-0208,18.7875,,C
209,1,3,Synthetic Passenger 0209,female,16,0,0,SYN-TICKET-0209,7.75,,Q
210,1,1,Synthetic Passenger 0210,male,40,0,0,SYN-TICKET-0210,31,A31,C
211,0,3,Synthetic Passenger 0211,male,24,0,0,SYN-TICKET-0211,7.05,,S
212,1,2,Synthetic Passenger 0212,female,35,0,0,SYN-TICKET-0212,21,,S
213,0,3,Synthetic Passenger 0213,male,22,0,0,SYN-TICKET-0213,7.25,,S
214,0,2,Synthetic Passenger 0214,male,30,0,0,SYN-TICKET-0214,13,,S
215,0,3,Synthetic Passenger 0215,male,,1,0,SYN-TICKET-0215,7.75,,Q
216,1,1,Synthetic Passenger 0216,female,31,1,0,SYN-TICKET-0216,113.275,D36,C
217,1,3,Synthetic Passenger 0217,female,27,0,0,SYN-TICKET-0217,7.925,,S
218,0,2,Synthetic Passenger 0218,male,42,1,0,SYN-TICKET-0218,27,,S
219,1,1,Synthetic Passenger 0219,female,32,0,0,SYN-TICKET-0219,76.2917,D15,C
220,0,2,Synthetic Passenger 0220,male,30,0,0,SYN-TICKET-0220,10.5,,S
221,1,3,Synthetic Passenger 0221,male,16,0,0,SYN-TICKET-0221,8.05,,S
222,0,2,Synthetic Passenger 0222,male,27,0,0,SYN-TICKET-0222,13,,S
223,0,3,Synthetic Passenger 0223,male,51,0,0,SYN-TICKET-0223,8.05,,S
224,0,3,Synthetic Passenger 0224,male,,0,0,SYN-TICKET-0224,7.8958,,S
225,1,1,Synthetic Passenger 0225,male,38,1,0,SYN-TICKET-0225,90,C93,S
226,0,3,Synthetic Passenger 0226,male,22,0,0,SYN-TICKET-0226,9.35,,S
227,1,2,Synthetic Passenger 0227,male,19,0,0,SYN-TICKET-0227,10.5,,S
228,0,3,Synthetic Passenger 0228,male,20.5,0,0,SYN-TICKET-0228,7.25,,S
229,0,2,Synthetic Passenger 0229,male,18,0,0,SYN-TICKET-0229,13,,S
230,0,3,Synthetic Passenger 0230,female,,3,1,SYN-TICKET-0230,25.4667,,S
231,1,1,Synthetic Passenger 0231,female,35,1,0,SYN-TICKET-0231,83.475,C83,S
232,0,3,Synthetic Passenger 0232,male,29,0,0,SYN-TICKET-0232,7.775,,S
233,0,2,Synthetic Passenger 0233,male,59,0,0,SYN-TICKET-0233,13.5,,S
234,1,3,Synthetic Passenger 0234,female,5,4,2,SYN-TICKET-0234,31.3875,,S
235,0,2,Synthetic Passenger 0235,male,24,0,0,SYN-TICKET-0235,10.5,,S
236,0,3,Synthetic Passenger 0236,female,,0,0,SYN-TICKET-0236,7.55,,S
237,0,2,Synthetic Passenger 0237,male,44,1,0,SYN-TICKET-0237,26,,S
238,1,2,Synthetic Passenger 0238,female,8,0,2,SYN-TICKET-0238,26.25,,S
239,0,2,Synthetic Passenger 0239,male,19,0,0,SYN-TICKET-0239,10.5,,S
240,0,2,Synthetic Passenger 0240,male,33,0,0,SYN-TICKET-0240,12.275,,S
241,0,3,Synthetic Passenger 0241,female,,1,0,SYN-TICKET-0241,14.4542,,C
242,1,3,Synthetic Passenger 0242,female,,1,0,SYN-TICKET-0242,15.5,,Q
243,0,2,Synthetic Passenger 0243,male,29,0,0,SYN-TICKET-0243,10.5,,S
244,0,3,Synthetic Passenger 0244,male,22,0,0,SYN-TICKET-0244,7.125,,S
245,0,3,Synthetic Passenger 0245,male,30,0,0,SYN-TICKET-0245,7.225,,C
246,0,1,Synthetic Passenger 0246,male,44,2,0,SYN-TICKET-0246,90,C78,Q
247,0,3,Synthetic Passenger 0247,female,25,0,0,SYN-TICKET-0247,7.775,,S
248,1,2,Synthetic Passenger 0248,female,24,0,2,SYN-TICKET-0248,14.5,,S
249,1,1,Synthetic Passenger 0249,male,37,1,1,SYN-TICKET-0249,52.5542,D35,S
250,0,2,Synthetic Passenger 0250,male,54,1,0,SYN-TICKET-0250,26,,S
251,0,3,Synthetic Passenger 0251,male,,0,0,SYN-TICKET-0251,7.25,,S
252,0,3,Synthetic Passenger 0252,female,29,1,1,SYN-TICKET-0252,10.4625,G6,S
253,0,1,Synthetic Passenger 0253,male,62,0,0,SYN-TICKET-0253,26.55,C87,S
254,0,3,Synthetic Passenger 0254,male,30,1,0,SYN-TICKET-0254,16.1,,S
255,0,3,Synthetic Passenger 0255,female,41,0,2,SYN-TICKET-0255,20.2125,,S
256,1,3,Synthetic Passenger 0256,female,29,0,2,SYN-TICKET-0256,15.2458,,C
257,1,1,Synthetic Passenger 0257,female,,0,0,SYN-TICKET-0257,79.2,,C
258,1,1,Synthetic Passenger 0258,female,30,0,0,SYN-TICKET-0258,86.5,B77,S
259,1,1,Synthetic Passenger 0259,female,35,0,0,SYN-TICKET-0259,512.3292,,C
260,1,2,Synthetic Passenger 0260,female,50,0,1,SYN-TICKET-0260,26,,S
261,0,3,Synthetic Passenger 0261,male,,0,0,SYN-TICKET-0261,7.75,,Q
262,1,3,Synthetic Passenger 0262,male,3,4,2,SYN-TICKET-0262,31.3875,,S
263,0,1,Synthetic Passenger 0263,male,52,1,1,SYN-TICKET-0263,79.65,E67,S
264,0,1,Synthetic Passenger 0264,male,40,0,0,SYN-TICKET-0264,0,B94,S
265,0,3,Synthetic Passenger 0265,female,,0,0,SYN-TICKET-0265,7.75,,Q
266,0,2,Synthetic Passenger 0266,male,36,0,0,SYN-TICKET-0266,10.5,,S
267,0,3,Synthetic Passenger 0267,male,16,4,1,SYN-TICKET-0267,39.6875,,S
268,1,3,Synthetic Passenger 0268,male,25,1,0,SYN-TICKET-0268,7.775,,S
269,1,1,Synthetic Passenger 0269,female,58,0,1,SYN-TICKET-0269,153.4625,C125,S
270,1,1,Synthetic Passenger 0270,female,35,0,0,SYN-TICKET-0270,135.6333,C99,S
271,0,1,Synthetic Passenger 0271,male,,0,0,SYN-TICKET-0271,31,,S
272,1,3,Synthetic Passenger 0272,male,25,0,0,SYN-TICKET-0272,0,,S
273,1,2,Synthetic Passenger 0273,female,41,0,1,SYN-TICKET-0273,19.5,,S
274,0,1,Synthetic Passenger 0274,male,37,0,1,SYN-TICKET-0274,29.7,C118,C
275,1,3,Synthetic Passenger 0275,female,,0,0,SYN-TICKET-0275,7.75,,Q
276,1,1,Synthetic Passenger 0276,female,63,1,0,SYN-TICKET-0276,77.9583,D7,S
277,0,3,Synthetic Passenger 0277,female,45,0,0,SYN-TICKET-0277,7.75,,S
278,0,2,Synthetic Passenger 0278,male,,0,0,SYN-TICKET-0278,0,,S
279,0,3,Synthetic Passenger 0279,male,7,4,1,SYN-TICKET-0279,29.125,,Q
280,1,3,Synthetic Passenger 0280,female,35,1,1,SYN-TICKET-0280,20.25,,S
281,0,3,Synthetic Passenger 0281,male,65,0,0,SYN-TICKET-0281,7.75,,Q
282,0,3,Synthetic Passenger 0282,male,28,0,0,SYN-TICKET-0282,7.8542,,S
283,0,3,Synthetic Passenger 0283,male,16,0,0,SYN-TICKET-0283,9.5,,S
284,1,3,Synthetic Passenger 0284,male,19,0,0,SYN-TICKET-0284,8.05,,S
285,0,1,Synthetic Passenger 0285,male,,0,0,SYN-TICKET-0285,26,A19,S
286,0,3,Synthetic Passenger 0286,male,33,0,0,SYN-TICKET-0286,8.6625,,C
287,1,3,Synthetic Passenger 0287,male,30,0,0,SYN-TICKET-0287,9.5,,S
288,0,3,Synthetic Passenger 0288,male,22,0,0,SYN-TICKET-0288,7.8958,,S
289,1,2,Synthetic Passenger 0289,male,42,0,0,SYN-TICKET-0289,13,,S
290,1,3,Synthetic Passenger 0290,female,22,0,0,SYN-TICKET-0290,7.75,,Q
291,1,1,Synthetic Passenger 0291,female,26,0,0,SYN-TICKET-0291,78.85,,S
292,1,1,Synthetic Passenger 0292,female,19,1,0,SYN-TICKET-0292,91.0792,B49,C
293,0,2,Synthetic Passenger 0293,male,36,0,0,SYN-TICKET-0293,12.875,D,C
294,0,3,Synthetic Passenger 0294,female,24,0,0,SYN-TICKET-0294,8.85,,S
295,0,3,Synthetic Passenger 0295,male,24,0,0,SYN-TICKET-0295,7.8958,,S
296,0,1,Synthetic Passenger 0296,male,,0,0,SYN-TICKET-0296,27.7208,,C
297,0,3,Synthetic Passenger 0297,male,23.5,0,0,SYN-TICKET-0297,7.2292,,C
298,0,1,Synthetic Passenger 0298,female,2,1,2,SYN-TICKET-0298,151.55,C22 C26,S
299,1,1,Synthetic Passenger 0299,male,,0,0,SYN-TICKET-0299,30.5,C106,S
300,1,1,Synthetic Passenger 0300,female,50,0,1,SYN-TICKET-0300,247.5208,B58 B60,C
301,1,3,Synthetic Passenger 0301,female,,0,0,SYN-TICKET-0301,7.75,,Q
302,1,3,Synthetic Passenger 0302,male,,2,0,SYN-TICKET-0302,23.25,,Q
303,0,3,Synthetic Passenger 0303,male,19,0,0,SYN-TICKET-0303,0,,S
304,1,2,Synthetic Passenger 0304,female,,0,0,SYN-TICKET-0304,12.35,E101,Q
305,0,3,Synthetic Passenger 0305,male,,0,0,SYN-TICKET-0305,8.05,,S
306,1,1,Synthetic Passenger 0306,male,0.92,1,2,SYN-TICKET-0306,151.55,C22 C26,S
307,1,1,Synthetic Passenger 0307,female,,0,0,SYN-TICKET-0307,110.8833,,C
308,1,1,Synthetic Passenger 0308,female,17,1,0,SYN-TICKET-0308,108.9,C65,C
309,0,2,Synthetic Passenger 0309,male,30,1,0,SYN-TICKET-0309,24,,C
310,1,1,Synthetic Passenger 0310,female,30,0,0,SYN-TICKET-0310,56.9292,E36,C
311,1,1,Synthetic Passenger 0311,female,24,0,0,SYN-TICKET-0311,83.1583,C54,C
312,1,1,Synthetic Passenger 0312,female,18,2,2,SYN-TICKET-0312,262.375,B57 B59 B63 B66,C
313,0,2,Synthetic Passenger 0313,female,26,1,1,SYN-TICKET-0313,26,,S
314,0,3,Synthetic Passenger 0314,male,28,0,0,SYN-TICKET-0314,7.8958,,S
315,0,2,Synthetic Passenger 0315,male,43,1,1,SYN-TICKET-0315,26.25,,S
316,1,3,Synthetic Passenger 0316,female,26,0,0,SYN-TICKET-0316,7.8542,,S
317,1,2,Synthetic Passenger 0317,female,24,1,0,SYN-TICKET-0317,26,,S
318,0,2,Synthetic Passenger 0318,male,54,0,0,SYN-TICKET-0318,14,,S
319,1,1,Synthetic Passenger 0319,female,31,0,2,SYN-TICKET-0319,164.8667,C7,S
320,1,1,Synthetic Passenger 0320,female,40,1,1,SYN-TICKET-0320,134.5,E34,C
321,0,3,Synthetic Passenger 0321,male,22,0,0,SYN-TICKET-0321,7.25,,S
322,0,3,Synthetic Passenger 0322,male,27,0,0,SYN-TICKET-0322,7.8958,,S
323,1,2,Synthetic Passenger 0323,female,30,0,0,SYN-TICKET-0323,12.35,,Q
324,1,2,Synthetic Passenger 0324,female,22,1,1,SYN-TICKET-0324,29,,S
325,0,3,Synthetic Passenger 0325,male,,8,2,SYN-TICKET-0325,69.55,,S
326,1,1,Synthetic Passenger 0326,female,36,0,0,SYN-TICKET-0326,135.6333,C32,C
327,0,3,Synthetic Passenger 0327,male,61,0,0,SYN-TICKET-0327,6.2375,,S
328,1,2,Synthetic Passenger 0328,female,36,0,0,SYN-TICKET-0328,13,D,S
329,1,3,Synthetic Passenger 0329,female,31,1,1,SYN-TICKET-0329,20.525,,S
330,1,1,Synthetic Passenger 0330,female,16,0,1,SYN-TICKET-0330,57.9792,B18,C
331,1,3,Synthetic Passenger 0331,female,,2,0,SYN-TICKET-0331,23.25,,Q
332,0,1,Synthetic Passenger 0332,male,45.5,0,0,SYN-TICKET-0332,28.5,C124,S
333,0,1,Synthetic Passenger 0333,male,38,0,1,SYN-TICKET-0333,153.4625,C91,S
334,0,3,Synthetic Passenger 0334,male,16,2,0,SYN-TICKET-0334,18,,S
335,1,1,Synthetic Passenger 0335,female,,1,0,SYN-TICKET-0335,133.65,,S
336,0,3,Synthetic Passenger 0336,male,,0,0,SYN-TICKET-0336,7.8958,,S
337,0,1,Synthetic Passenger 0337,male,29,1,0,SYN-TICKET-0337,66.6,C2,S
338,1,1,Synthetic Passenger 0338,female,41,0,0,SYN-TICKET-0338,134.5,E40,C
339,1,3,Synthetic Passenger 0339,male,45,0,0,SYN-TICKET-0339,8.05,,S
340,0,1,Synthetic Passenger 0340,male,45,0,0,SYN-TICKET-0340,35.5,T,S
341,1,2,Synthetic Passenger 0341,male,2,1,1,SYN-TICKET-0341,26,F2,S
342,1,1,Synthetic Passenger 0342,female,24,3,2,SYN-TICKET-0342,263,C23 C25 C27,S
343,0,2,Synthetic Passenger 0343,male,28,0,0,SYN-TICKET-0343,13,,S
344,0,2,Synthetic Passenger 0344,male,25,0,0,SYN-TICKET-0344,13,,S
345,0,2,Synthetic Passenger 0345,male,36,0,0,SYN-TICKET-0345,13,,S
346,1,2,Synthetic Passenger 0346,female,24,0,0,SYN-TICKET-0346,13,F33,S
347,1,2,Synthetic Passenger 0347,female,40,0,0,SYN-TICKET-0347,13,,S
348,1,3,Synthetic Passenger 0348,female,,1,0,SYN-TICKET-0348,16.1,,S
349,1,3,Synthetic Passenger 0349,male,3,1,1,SYN-TICKET-0349,15.9,,S
350,0,3,Synthetic Passenger 0350,male,42,0,0,SYN-TICKET-0350,8.6625,,S
351,0,3,Synthetic Passenger 0351,male,23,0,0,SYN-TICKET-0351,9.225,,S
352,0,1,Synthetic Passenger 0352,male,,0,0,SYN-TICKET-0352,35,C128,S
353,0,3,Synthetic Passenger 0353,male,15,1,1,SYN-TICKET-0353,7.2292,,C
354,0,3,Synthetic Passenger 0354,male,25,1,0,SYN-TICKET-0354,17.8,,S
355,0,3,Synthetic Passenger 0355,male,,0,0,SYN-TICKET-0355,7.225,,C
356,0,3,Synthetic Passenger 0356,male,28,0,0,SYN-TICKET-0356,9.5,,S
357,1,1,Synthetic Passenger 0357,female,22,0,1,SYN-TICKET-0357,55,E33,S
358,0,2,Synthetic Passenger 0358,female,38,0,0,SYN-TICKET-0358,13,,S
359,1,3,Synthetic Passenger 0359,female,,0,0,SYN-TICKET-0359,7.8792,,Q
360,1,3,Synthetic Passenger 0360,female,,0,0,SYN-TICKET-0360,7.8792,,Q
361,0,3,Synthetic Passenger 0361,male,40,1,4,SYN-TICKET-0361,27.9,,S
362,0,2,Synthetic Passenger 0362,male,29,1,0,SYN-TICKET-0362,27.7208,,C
363,0,3,Synthetic Passenger 0363,female,45,0,1,SYN-TICKET-0363,14.4542,,C
364,0,3,Synthetic Passenger 0364,male,35,0,0,SYN-TICKET-0364,7.05,,S
365,0,3,Synthetic Passenger 0365,male,,1,0,SYN-TICKET-0365,15.5,,Q
366,0,3,Synthetic Passenger 0366,male,30,0,0,SYN-TICKET-0366,7.25,,S
367,1,1,Synthetic Passenger 0367,female,60,1,0,SYN-TICKET-0367,75.25,D37,C
368,1,3,Synthetic Passenger 0368,female,,0,0,SYN-TICKET-0368,7.2292,,C
369,1,3,Synthetic Passenger 0369,female,,0,0,SYN-TICKET-0369,7.75,,Q
370,1,1,Synthetic Passenger 0370,female,24,0,0,SYN-TICKET-0370,69.3,B35,C
371,1,1,Synthetic Passenger 0371,male,25,1,0,SYN-TICKET-0371,55.4417,E50,C
372,0,3,Synthetic Passenger 0372,male,18,1,0,SYN-TICKET-0372,6.4958,,S
373,0,3,Synthetic Passenger 0373,male,19,0,0,SYN-TICKET-0373,8.05,,S
374,0,1,Synthetic Passenger 0374,male,22,0,0,SYN-TICKET-0374,135.6333,,C
375,0,3,Synthetic Passenger 0375,female,3,3,1,SYN-TICKET-0375,21.075,,S
376,1,1,Synthetic Passenger 0376,female,,1,0,SYN-TICKET-0376,82.1708,,C
377,1,3,Synthetic Passenger 0377,female,22,0,0,SYN-TICKET-0377,7.25,,S
378,0,1,Synthetic Passenger 0378,male,27,0,2,SYN-TICKET-0378,211.5,C82,C
379,0,3,Synthetic Passenger 0379,male,20,0,0,SYN-TICKET-0379,4.0125,,C
380,0,3,Synthetic Passenger 0380,male,19,0,0,SYN-TICKET-0380,7.775,,S
381,1,1,Synthetic Passenger 0381,female,42,0,0,SYN-TICKET-0381,227.525,,C
382,1,3,Synthetic Passenger 0382,female,1,0,2,SYN-TICKET-0382,15.7417,,C
383,0,3,Synthetic Passenger 0383,male,32,0,0,SYN-TICKET-0383,7.925,,S
384,1,1,Synthetic Passenger 0384,female,35,1,0,SYN-TICKET-0384,52,,S
385,0,3,Synthetic Passenger 0385,male,,0,0,SYN-TICKET-0385,7.8958,,S
386,0,2,Synthetic Passenger 0386,male,18,0,0,SYN-TICKET-0386,73.5,,S
387,0,3,Synthetic Passenger 0387,male,1,5,2,SYN-TICKET-0387,46.9,,S
388,1,2,Synthetic Passenger 0388,female,36,0,0,SYN-TICKET-0388,13,,S
389,0,3,Synthetic Passenger 0389,male,,0,0,SYN-TICKET-0389,7.7292,,Q
390,1,2,Synthetic Passenger 0390,female,17,0,0,SYN-TICKET-0390,12,,C
391,1,1,Synthetic Passenger 0391,male,36,1,2,SYN-TICKET-0391,120,B96 B98,S
392,1,3,Synthetic Passenger 0392,male,21,0,0,SYN-TICKET-0392,7.7958,,S
393,0,3,Synthetic Passenger 0393,male,28,2,0,SYN-TICKET-0393,7.925,,S
394,1,1,Synthetic Passenger 0394,female,23,1,0,SYN-TICKET-0394,113.275,D36,C
395,1,3,Synthetic Passenger 0395,female,24,0,2,SYN-TICKET-0395,16.7,G6,S
396,0,3,Synthetic Passenger 0396,male,22,0,0,SYN-TICKET-0396,7.7958,,S
397,0,3,Synthetic Passenger 0397,female,31,0,0,SYN-TICKET-0397,7.8542,,S
398,0,2,Synthetic Passenger 0398,male,46,0,0,SYN-TICKET-0398,26,,S
399,0,2,Synthetic Passenger 0399,male,23,0,0,SYN-TICKET-0399,10.5,,S
400,1,2,Synthetic Passenger 0400,female,28,0,0,SYN-TICKET-0400,12.65,,S
401,1,3,Synthetic Passenger 0401,male,39,0,0,SYN-TICKET-0401,7.925,,S
402,0,3,Synthetic Passenger 0402,male,26,0,0,SYN-TICKET-0402,8.05,,S
403,0,3,Synthetic Passenger 0403,female,21,1,0,SYN-TICKET-0403,9.825,,S
404,0,3,Synthetic Passenger 0404,male,28,1,0,SYN-TICKET-0404,15.85,,S
405,0,3,Synthetic Passenger 0405,female,20,0,0,SYN-TICKET-0405,8.6625,,S
406,0,2,Synthetic Passenger 0406,male,34,1,0,SYN-TICKET-0406,21,,S
407,0,3,Synthetic Passenger 0407,male,51,0,0,SYN-TICKET-0407,7.75,,S
408,1,2,Synthetic Passenger 0408,male,3,1,1,SYN-TICKET-0408,18.75,,S
409,0,3,Synthetic Passenger 0409,male,21,0,0,SYN-TICKET-0409,7.775,,S
410,0,3,Synthetic Passenger 0410,female,,3,1,SYN-TICKET-0410,25.4667,,S
411,0,3,Synthetic Passenger 0411,male,,0,0,SYN-TICKET-0411,7.8958,,S
412,0,3,Synthetic Passenger 0412,male,,0,0,SYN-TICKET-0412,6.8583,,Q
413,1,1,Synthetic Passenger 0413,female,33,1,0,SYN-TICKET-0413,90,C78,Q
414,0,2,Synthetic Passenger 0414,male,,0,0,SYN-TICKET-0414,0,,S
415,1,3,Synthetic Passenger 0415,male,44,0,0,SYN-TICKET-0415,7.925,,S
416,0,3,Synthetic Passenger 0416,female,,0,0,SYN-TICKET-0416,8.05,,S
417,1,2,Synthetic Passenger 0417,female,34,1,1,SYN-TICKET-0417,32.5,,S
418,1,2,Synthetic Passenger 0418,female,18,0,2,SYN-TICKET-0418,13,,S
419,0,2,Synthetic Passenger 0419,male,30,0,0,SYN-TICKET-0419,13,,S
420,0,3,Synthetic Passenger 0420,female,10,0,2,SYN-TICKET-0420,24.15,,S
421,0,3,Synthetic Passenger 0421,male,,0,0,SYN-TICKET-0421,7.8958,,C
422,0,3,Synthetic Passenger 0422,male,21,0,0,SYN-TICKET-0422,7.7333,,Q
423,0,3,Synthetic Passenger 0423,male,29,0,0,SYN-TICKET-0423,7.875,,S
424,0,3,Synthetic Passenger 0424,female,28,1,1,SYN-TICKET-0424,14.4,,S
425,0,3,Synthetic Passenger 0425,male,18,1,1,SYN-TICKET-0425,20.2125,,S
426,0,3,Synthetic Passenger 0426,male,,0,0,SYN-TICKET-0426,7.25,,S
427,1,2,Synthetic Passenger 0427,female,28,1,0,SYN-TICKET-0427,26,,S
428,1,2,Synthetic Passenger 0428,female,19,0,0,SYN-TICKET-0428,26,,S
429,0,3,Synthetic Passenger 0429,male,,0,0,SYN-TICKET-0429,7.75,,Q
430,1,3,Synthetic Passenger 0430,male,32,0,0,SYN-TICKET-0430,8.05,E10,S
431,1,1,Synthetic Passenger 0431,male,28,0,0,SYN-TICKET-0431,26.55,C52,S
432,1,3,Synthetic Passenger 0432,female,,1,0,SYN-TICKET-0432,16.1,,S
433,1,2,Synthetic Passenger 0433,female,42,1,0,SYN-TICKET-0433,26,,S
434,0,3,Synthetic Passenger 0434,male,17,0,0,SYN-TICKET-0434,7.125,,S
435,0,1,Synthetic Passenger 0435,male,50,1,0,SYN-TICKET-0435,55.9,E44,S
436,1,1,Synthetic Passenger 0436,female,14,1,2,SYN-TICKET-0436,120,B96 B98,S
437,0,3,Synthetic Passenger 0437,female,21,2,2,SYN-TICKET-0437,34.375,,S
438,1,2,Synthetic Passenger 0438,female,24,2,3,SYN-TICKET-0438,18.75,,S
439,0,1,Synthetic Passenger 0439,male,64,1,4,SYN-TICKET-0439,263,C23 C25 C27,S
440,0,2,Synthetic Passenger 0440,male,31,0,0,SYN-TICKET-0440,10.5,,S
441,1,2,Synthetic Passenger 0441,female,45,1,1,SYN-TICKET-0441,26.25,,S
442,0,3,Synthetic Passenger 0442,male,20,0,0,SYN-TICKET-0442,9.5,,S
443,0,3,Synthetic Passenger 0443,male,25,1,0,SYN-TICKET-0443,7.775,,S
444,1,2,Synthetic Passenger 0444,female,28,0,0,SYN-TICKET-0444,13,,S
445,1,3,Synthetic Passenger 0445,male,,0,0,SYN-TICKET-0445,8.1125,,S
446,1,1,Synthetic Passenger 0446,male,4,0,2,SYN-TICKET-0446,81.8583,A34,S
447,1,2,Synthetic Passenger 0447,female,13,0,1,SYN-TICKET-0447,19.5,,S
448,1,1,Synthetic Passenger 0448,male,34,0,0,SYN-TICKET-0448,26.55,,S
449,1,3,Synthetic Passenger 0449,female,5,2,1,SYN-TICKET-0449,19.2583,,C
450,1,1,Synthetic Passenger 0450,male,52,0,0,SYN-TICKET-0450,30.5,C104,S
451,0,2,Synthetic Passenger 0451,male,36,1,2,SYN-TICKET-0451,27.75,,S
452,0,3,Synthetic Passenger 0452,male,,1,0,SYN-TICKET-0452,19.9667,,S
453,0,1,Synthetic Passenger 0453,male,30,0,0,SYN-TICKET-0453,27.75,C111,C
454,1,1,Synthetic Passenger 0454,male,49,1,0,SYN-TICKET-0454,89.1042,C92,C
455,0,3,Synthetic Passenger 0455,male,,0,0,SYN-TICKET-0455,8.05,,S
456,1,3,Synthetic Passenger 0456,male,29,0,0,SYN-TICKET-0456,7.8958,,C
457,0,1,Synthetic Passenger 0457,male,65,0,0,SYN-TICKET-0457,26.55,E38,S
458,1,1,Synthetic Passenger 0458,female,,1,0,SYN-TICKET-0458,51.8625,D21,S
459,1,2,Synthetic Passenger 0459,female,50,0,0,SYN-TICKET-0459,10.5,,S
460,0,3,Synthetic Passenger 0460,male,,0,0,SYN-TICKET-0460,7.75,,Q
461,1,1,Synthetic Passenger 0461,male,48,0,0,SYN-TICKET-0461,26.55,E12,S
462,0,3,Synthetic Passenger 0462,male,34,0,0,SYN-TICKET-0462,8.05,,S
463,0,1,Synthetic Passenger 0463,male,47,0,0,SYN-TICKET-0463,38.5,E63,S
464,0,2,Synthetic Passenger 0464,male,48,0,0,SYN-TICKET-0464,13,,S
465,0,3,Synthetic Passenger 0465,male,,0,0,SYN-TICKET-0465,8.05,,S
466,0,3,Synthetic Passenger 0466,male,38,0,0,SYN-TICKET-0466,7.05,,S
467,0,2,Synthetic Passenger 0467,male,,0,0,SYN-TICKET-0467,0,,S
468,0,1,Synthetic Passenger 0468,male,56,0,0,SYN-TICKET-0468,26.55,,S
469,0,3,Synthetic Passenger 0469,male,,0,0,SYN-TICKET-0469,7.725,,Q
470,1,3,Synthetic Passenger 0470,female,0.75,2,1,SYN-TICKET-0470,19.2583,,C
471,0,3,Synthetic Passenger 0471,male,,0,0,SYN-TICKET-0471,7.25,,S
472,0,3,Synthetic Passenger 0472,male,38,0,0,SYN-TICKET-0472,8.6625,,S
473,1,2,Synthetic Passenger 0473,female,33,1,2,SYN-TICKET-0473,27.75,,S
474,1,2,Synthetic Passenger 0474,female,23,0,0,SYN-TICKET-0474,13.7917,D,C
475,0,3,Synthetic Passenger 0475,female,22,0,0,SYN-TICKET-0475,9.8375,,S
476,0,1,Synthetic Passenger 0476,male,,0,0,SYN-TICKET-0476,52,A14,S
477,0,2,Synthetic Passenger 0477,male,34,1,0,SYN-TICKET-0477,21,,S
478,0,3,Synthetic Passenger 0478,male,29,1,0,SYN-TICKET-0478,7.0458,,S
479,0,3,Synthetic Passenger 0479,male,22,0,0,SYN-TICKET-0479,7.5208,,S
480,1,3,Synthetic Passenger 0480,female,2,0,1,SYN-TICKET-0480,12.2875,,S
481,0,3,Synthetic Passenger 0481,male,9,5,2,SYN-TICKET-0481,46.9,,S
482,0,2,Synthetic Passenger 0482,male,,0,0,SYN-TICKET-0482,0,,S
483,0,3,Synthetic Passenger 0483,male,50,0,0,SYN-TICKET-0483,8.05,,S
484,1,3,Synthetic Passenger 0484,female,63,0,0,SYN-TICKET-0484,9.5875,,S
485,1,1,Synthetic Passenger 0485,male,25,1,0,SYN-TICKET-0485,91.0792,B49,C
486,0,3,Synthetic Passenger 0486,female,,3,1,SYN-TICKET-0486,25.4667,,S
487,1,1,Synthetic Passenger 0487,female,35,1,0,SYN-TICKET-0487,90,C93,S
488,0,1,Synthetic Passenger 0488,male,58,0,0,SYN-TICKET-0488,29.7,B37,C
489,0,3,Synthetic Passenger 0489,male,30,0,0,SYN-TICKET-0489,8.05,,S
490,1,3,Synthetic Passenger 0490,male,9,1,1,SYN-TICKET-0490,15.9,,S
491,0,3,Synthetic Passenger 0491,male,,1,0,SYN-TICKET-0491,19.9667,,S
492,0,3,Synthetic Passenger 0492,male,21,0,0,SYN-TICKET-0492,7.25,,S
493,0,1,Synthetic Passenger 0493,male,55,0,0,SYN-TICKET-0493,30.5,C30,S
494,0,1,Synthetic Passenger 0494,male,71,0,0,SYN-TICKET-0494,49.5042,,C
495,0,3,Synthetic Passenger 0495,male,21,0,0,SYN-TICKET-0495,8.05,,S
496,0,3,Synthetic Passenger 0496,male,,0,0,SYN-TICKET-0496,14.4583,,C
497,1,1,Synthetic Passenger 0497,female,54,1,0,SYN-TICKET-0497,78.2667,D20,C
498,0,3,Synthetic Passenger 0498,male,,0,0,SYN-TICKET-0498,15.1,,S
499,0,1,Synthetic Passenger 0499,female,25,1,2,SYN-TICKET-0499,151.55,C22 C26,S
500,0,3,Synthetic Passenger 0500,male,24,0,0,SYN-TICKET-0500,7.7958,,S
501,0,3,Synthetic Passenger 0501,male,17,0,0,SYN-TICKET-0501,8.6625,,S
502,0,3,Synthetic Passenger 0502,female,21,0,0,SYN-TICKET-0502,7.75,,Q
503,0,3,Synthetic Passenger 0503,female,,0,0,SYN-TICKET-0503,7.6292,,Q
504,0,3,Synthetic Passenger 0504,female,37,0,0,SYN-TICKET-0504,9.5875,,S
505,1,1,Synthetic Passenger 0505,female,16,0,0,SYN-TICKET-0505,86.5,B79,S
506,0,1,Synthetic Passenger 0506,male,18,1,0,SYN-TICKET-0506,108.9,C65,C
507,1,2,Synthetic Passenger 0507,female,33,0,2,SYN-TICKET-0507,26,,S
508,1,1,Synthetic Passenger 0508,male,,0,0,SYN-TICKET-0508,26.55,,S
509,0,3,Synthetic Passenger 0509,male,28,0,0,SYN-TICKET-0509,22.525,,S
510,1,3,Synthetic Passenger 0510,male,26,0,0,SYN-TICKET-0510,56.4958,,S
511,1,3,Synthetic Passenger 0511,male,29,0,0,SYN-TICKET-0511,7.75,,Q
512,0,3,Synthetic Passenger 0512,male,,0,0,SYN-TICKET-0512,8.05,,S
513,1,1,Synthetic Passenger 0513,male,36,0,0,SYN-TICKET-0513,26.2875,E25,S
514,1,1,Synthetic Passenger 0514,female,54,1,0,SYN-TICKET-0514,59.4,,C
515,0,3,Synthetic Passenger 0515,male,24,0,0,SYN-TICKET-0515,7.4958,,S
516,0,1,Synthetic Passenger 0516,male,47,0,0,SYN-TICKET-0516,34.0208,D46,S
517,1,2,Synthetic Passenger 0517,female,34,0,0,SYN-TICKET-0517,10.5,F33,S
518,0,3,Synthetic Passenger 0518,male,,0,0,SYN-TICKET-0518,24.15,,Q
519,1,2,Synthetic Passenger 0519,female,36,1,0,SYN-TICKET-0519,26,,S
520,0,3,Synthetic Passenger 0520,male,32,0,0,SYN-TICKET-0520,7.8958,,S
521,1,1,Synthetic Passenger 0521,female,30,0,0,SYN-TICKET-0521,93.5,B73,S
522,0,3,Synthetic Passenger 0522,male,22,0,0,SYN-TICKET-0522,7.8958,,S
523,0,3,Synthetic Passenger 0523,male,,0,0,SYN-TICKET-0523,7.225,,C
524,1,1,Synthetic Passenger 0524,female,44,0,1,SYN-TICKET-0524,57.9792,B18,C
525,0,3,Synthetic Passenger 0525,male,,0,0,SYN-TICKET-0525,7.2292,,C
526,0,3,Synthetic Passenger 0526,male,40.5,0,0,SYN-TICKET-0526,7.75,,Q
527,1,2,Synthetic Passenger 0527,female,50,0,0,SYN-TICKET-0527,10.5,,S
528,0,1,Synthetic Passenger 0528,male,,0,0,SYN-TICKET-0528,221.7792,C95,S
529,0,3,Synthetic Passenger 0529,male,39,0,0,SYN-TICKET-0529,7.925,,S
530,0,2,Synthetic Passenger 0530,male,23,2,1,SYN-TICKET-0530,11.5,,S
531,1,2,Synthetic Passenger 0531,female,2,1,1,SYN-TICKET-0531,26,,S
532,0,3,Synthetic Passenger 0532,male,,0,0,SYN-TICKET-0532,7.2292,,C
533,0,3,Synthetic Passenger 0533,male,17,1,1,SYN-TICKET-0533,7.2292,,C
534,1,3,Synthetic Passenger 0534,female,,0,2,SYN-TICKET-0534,22.3583,,C
535,0,3,Synthetic Passenger 0535,female,30,0,0,SYN-TICKET-0535,8.6625,,S
536,1,2,Synthetic Passenger 0536,female,7,0,2,SYN-TICKET-0536,26.25,,S
537,0,1,Synthetic Passenger 0537,male,45,0,0,SYN-TICKET-0537,26.55,B38,S
538,1,1,Synthetic Passenger 0538,female,30,0,0,SYN-TICKET-0538,106.425,,C
539,0,3,Synthetic Passenger 0539,male,,0,0,SYN-TICKET-0539,14.5,,S
540,1,1,Synthetic Passenger 0540,female,22,0,2,SYN-TICKET-0540,49.5,B39,C
541,1,1,Synthetic Passenger 0541,female,36,0,2,SYN-TICKET-0541,71,B22,S
542,0,3,Synthetic Passenger 0542,female,9,4,2,SYN-TICKET-0542,31.275,,S
543,0,3,Synthetic Passenger 0543,female,11,4,2,SYN-TICKET-0543,31.275,,S
544,1,2,Synthetic Passenger 0544,male,32,1,0,SYN-TICKET-0544,26,,S
545,0,1,Synthetic Passenger 0545,male,50,1,0,SYN-TICKET-0545,106.425,C86,C
546,0,1,Synthetic Passenger 0546,male,64,0,0,SYN-TICKET-0546,26,,S
547,1,2,Synthetic Passenger 0547,female,19,1,0,SYN-TICKET-0547,26,,S
548,1,2,Synthetic Passenger 0548,male,,0,0,SYN-TICKET-0548,13.8625,,C
549,0,3,Synthetic Passenger 0549,male,33,1,1,SYN-TICKET-0549,20.525,,S
550,1,2,Synthetic Passenger 0550,male,8,1,1,SYN-TICKET-0550,36.75,,S
551,1,1,Synthetic Passenger 0551,male,17,0,2,SYN-TICKET-0551,110.8833,C70,C
552,0,2,Synthetic Passenger 0552,male,27,0,0,SYN-TICKET-0552,26,,S
553,0,3,Synthetic Passenger 0553,male,,0,0,SYN-TICKET-0553,7.8292,,Q
554,1,3,Synthetic Passenger 0554,male,22,0,0,SYN-TICKET-0554,7.225,,C
555,1,3,Synthetic Passenger 0555,female,22,0,0,SYN-TICKET-0555,7.775,,S
556,0,1,Synthetic Passenger 0556,male,62,0,0,SYN-TICKET-0556,26.55,,S
557,1,1,Synthetic Passenger 0557,female,48,1,0,SYN-TICKET-0557,39.6,A16,C
558,0,1,Synthetic Passenger 0558,male,,0,0,SYN-TICKET-0558,227.525,,C
559,1,1,Synthetic Passenger 0559,female,39,1,1,SYN-TICKET-0559,79.65,E67,S
560,1,3,Synthetic Passenger 0560,female,36,1,0,SYN-TICKET-0560,17.4,,S
561,0,3,Synthetic Passenger 0561,male,,0,0,SYN-TICKET-0561,7.75,,Q
562,0,3,Synthetic Passenger 0562,male,40,0,0,SYN-TICKET-0562,7.8958,,S
563,0,2,Synthetic Passenger 0563,male,28,0,0,SYN-TICKET-0563,13.5,,S
564,0,3,Synthetic Passenger 0564,male,,0,0,SYN-TICKET-0564,8.05,,S
565,0,3,Synthetic Passenger 0565,female,,0,0,SYN-TICKET-0565,8.05,,S
566,0,3,Synthetic Passenger 0566,male,24,2,0,SYN-TICKET-0566,24.15,,S
567,0,3,Synthetic Passenger 0567,male,19,0,0,SYN-TICKET-0567,7.8958,,S
568,0,3,Synthetic Passenger 0568,female,29,0,4,SYN-TICKET-0568,21.075,,S
569,0,3,Synthetic Passenger 0569,male,,0,0,SYN-TICKET-0569,7.2292,,C
570,1,3,Synthetic Passenger 0570,male,32,0,0,SYN-TICKET-0570,7.8542,,S
571,1,2,Synthetic Passenger 0571,male,62,0,0,SYN-TICKET-0571,10.5,,S
572,1,1,Synthetic Passenger 0572,female,53,2,0,SYN-TICKET-0572,51.4792,C101,S
573,1,1,Synthetic Passenger 0573,male,36,0,0,SYN-TICKET-0573,26.3875,E25,S
574,1,3,Synthetic Passenger 0574,female,,0,0,SYN-TICKET-0574,7.75,,Q
575,0,3,Synthetic Passenger 0575,male,16,0,0,SYN-TICKET-0575,8.05,,S
576,0,3,Synthetic Passenger 0576,male,19,0,0,SYN-TICKET-0576,14.5,,S
577,1,2,Synthetic Passenger 0577,female,34,0,0,SYN-TICKET-0577,13,,S
578,1,1,Synthetic Passenger 0578,female,39,1,0,SYN-TICKET-0578,55.9,E44,S
579,0,3,Synthetic Passenger 0579,female,,1,0,SYN-TICKET-0579,14.4583,,C
580,1,3,Synthetic Passenger 0580,male,32,0,0,SYN-TICKET-0580,7.925,,S
581,1,2,Synthetic Passenger 0581,female,25,1,1,SYN-TICKET-0581,30,,S
582,1,1,Synthetic Passenger 0582,female,39,1,1,SYN-TICKET-0582,110.8833,C68,C
583,0,2,Synthetic Passenger 0583,male,54,0,0,SYN-TICKET-0583,26,,S
584,0,1,Synthetic Passenger 0584,male,36,0,0,SYN-TICKET-0584,40.125,A10,C
585,0,3,Synthetic Passenger 0585,male,,0,0,SYN-TICKET-0585,8.7125,,C
586,1,1,Synthetic Passenger 0586,female,18,0,2,SYN-TICKET-0586,79.65,E68,S
587,0,2,Synthetic Passenger 0587,male,47,0,0,SYN-TICKET-0587,15,,S
588,1,1,Synthetic Passenger 0588,male,60,1,1,SYN-TICKET-0588,79.2,B41,C
589,0,3,Synthetic Passenger 0589,male,22,0,0,SYN-TICKET-0589,8.05,,S
590,0,3,Synthetic Passenger 0590,male,,0,0,SYN-TICKET-0590,8.05,,S
591,0,3,Synthetic Passenger 0591,male,35,0,0,SYN-TICKET-0591,7.125,,S
592,1,1,Synthetic Passenger 0592,female,52,1,0,SYN-TICKET-0592,78.2667,D20,C
593,0,3,Synthetic Passenger 0593,male,47,0,0,SYN-TICKET-0593,7.25,,S
594,0,3,Synthetic Passenger 0594,female,,0,2,SYN-TICKET-0594,7.75,,Q
595,0,2,Synthetic Passenger 0595,male,37,1,0,SYN-TICKET-0595,26,,S
596,0,3,Synthetic Passenger 0596,male,36,1,1,SYN-TICKET-0596,24.15,,S
597,1,2,Synthetic Passenger 0597,female,,0,0,SYN-TICKET-0597,33,,S
598,0,3,Synthetic Passenger 0598,male,49,0,0,SYN-TICKET-0598,0,,S
599,0,3,Synthetic Passenger 0599,male,,0,0,SYN-TICKET-0599,7.225,,C
600,1,1,Synthetic Passenger 0600,male,49,1,0,SYN-TICKET-0600,56.9292,A20,C
601,1,2,Synthetic Passenger 0601,female,24,2,1,SYN-TICKET-0601,27,,S
602,0,3,Synthetic Passenger 0602,male,,0,0,SYN-TICKET-0602,7.8958,,S
603,0,1,Synthetic Passenger 0603,male,,0,0,SYN-TICKET-0603,42.4,,S
604,0,3,Synthetic Passenger 0604,male,44,0,0,SYN-TICKET-0604,8.05,,S
605,1,1,Synthetic Passenger 0605,male,35,0,0,SYN-TICKET-0605,26.55,,C
606,0,3,Synthetic Passenger 0606,male,36,1,0,SYN-TICKET-0606,15.55,,S
607,0,3,Synthetic Passenger 0607,male,30,0,0,SYN-TICKET-0607,7.8958,,S
608,1,1,Synthetic Passenger 0608,male,27,0,0,SYN-TICKET-0608,30.5,,S
609,1,2,Synthetic Passenger 0609,female,22,1,2,SYN-TICKET-0609,41.5792,,C
610,1,1,Synthetic Passenger 0610,female,40,0,0,SYN-TICKET-0610,153.4625,C125,S
611,0,3,Synthetic Passenger 0611,female,39,1,5,SYN-TICKET-0611,31.275,,S
612,0,3,Synthetic Passenger 0612,male,,0,0,SYN-TICKET-0612,7.05,,S
613,1,3,Synthetic Passenger 0613,female,,1,0,SYN-TICKET-0613,15.5,,Q
614,0,3,Synthetic Passenger 0614,male,,0,0,SYN-TICKET-0614,7.75,,Q
615,0,3,Synthetic Passenger 0615,male,35,0,0,SYN-TICKET-0615,8.05,,S
616,1,2,Synthetic Passenger 0616,female,24,1,2,SYN-TICKET-0616,65,,S
617,0,3,Synthetic Passenger 0617,male,34,1,1,SYN-TICKET-0617,14.4,,S
618,0,3,Synthetic Passenger 0618,female,26,1,0,SYN-TICKET-0618,16.1,,S
619,1,2,Synthetic Passenger 0619,female,4,2,1,SYN-TICKET-0619,39,F4,S
620,0,2,Synthetic Passenger 0620,male,26,0,0,SYN-TICKET-0620,10.5,,S
621,0,3,Synthetic Passenger 0621,male,27,1,0,SYN-TICKET-0621,14.4542,,C
622,1,1,Synthetic Passenger 0622,male,42,1,0,SYN-TICKET-0622,52.5542,D19,S
623,1,3,Synthetic Passenger 0623,male,20,1,1,SYN-TICKET-0623,15.7417,,C
624,0,3,Synthetic Passenger 0624,male,21,0,0,SYN-TICKET-0624,7.8542,,S
625,0,3,Synthetic Passenger 0625,male,21,0,0,SYN-TICKET-0625,16.1,,S
626,0,1,Synthetic Passenger 0626,male,61,0,0,SYN-TICKET-0626,32.3208,D50,S
627,0,2,Synthetic Passenger 0627,male,57,0,0,SYN-TICKET-0627,12.35,,Q
628,1,1,Synthetic Passenger 0628,female,21,0,0,SYN-TICKET-0628,77.9583,D9,S
629,0,3,Synthetic Passenger 0629,male,26,0,0,SYN-TICKET-0629,7.8958,,S
630,0,3,Synthetic Passenger 0630,male,,0,0,SYN-TICKET-0630,7.7333,,Q
631,1,1,Synthetic Passenger 0631,male,80,0,0,SYN-TICKET-0631,30,A23,S
632,0,3,Synthetic Passenger 0632,male,51,0,0,SYN-TICKET-0632,7.0542,,S
633,1,1,Synthetic Passenger 0633,male,32,0,0,SYN-TICKET-0633,30.5,B50,C
634,0,1,Synthetic Passenger 0634,male,,0,0,SYN-TICKET-0634,0,,S
635,0,3,Synthetic Passenger 0635,female,9,3,2,SYN-TICKET-0635,27.9,,S
636,1,2,Synthetic Passenger 0636,female,28,0,0,SYN-TICKET-0636,13,,S
637,0,3,Synthetic Passenger 0637,male,32,0,0,SYN-TICKET-0637,7.925,,S
638,0,2,Synthetic Passenger 0638,male,31,1,1,SYN-TICKET-0638,26.25,,S
639,0,3,Synthetic Passenger 0639,female,41,0,5,SYN-TICKET-0639,39.6875,,S
640,0,3,Synthetic Passenger 0640,male,,1,0,SYN-TICKET-0640,16.1,,S
641,0,3,Synthetic Passenger 0641,male,20,0,0,SYN-TICKET-0641,7.8542,,S
642,1,1,Synthetic Passenger 0642,female,24,0,0,SYN-TICKET-0642,69.3,B35,C
643,0,3,Synthetic Passenger 0643,female,2,3,2,SYN-TICKET-0643,27.9,,S
644,1,3,Synthetic Passenger 0644,male,,0,0,SYN-TICKET-0644,56.4958,,S
645,1,3,Synthetic Passenger 0645,female,0.75,2,1,SYN-TICKET-0645,19.2583,,C
646,1,1,Synthetic Passenger 0646,male,48,1,0,SYN-TICKET-0646,76.7292,D33,C
647,0,3,Synthetic Passenger 0647,male,19,0,0,SYN-TICKET-0647,7.8958,,S
648,1,1,Synthetic Passenger 0648,male,56,0,0,SYN-TICKET-0648,35.5,A26,C
649,0,3,Synthetic Passenger 0649,male,,0,0,SYN-TICKET-0649,7.55,,S
650,1,3,Synthetic Passenger 0650,female,23,0,0,SYN-TICKET-0650,7.55,,S
651,0,3,Synthetic Passenger 0651,male,,0,0,SYN-TICKET-0651,7.8958,,S
652,1,2,Synthetic Passenger 0652,female,18,0,1,SYN-TICKET-0652,23,,S
653,0,3,Synthetic Passenger 0653,male,21,0,0,SYN-TICKET-0653,8.4333,,S
654,1,3,Synthetic Passenger 0654,female,,0,0,SYN-TICKET-0654,7.8292,,Q
655,0,3,Synthetic Passenger 0655,female,18,0,0,SYN-TICKET-0655,6.75,,Q
656,0,2,Synthetic Passenger 0656,male,24,2,0,SYN-TICKET-0656,73.5,,S
657,0,3,Synthetic Passenger 0657,male,,0,0,SYN-TICKET-0657,7.8958,,S
658,0,3,Synthetic Passenger 0658,female,32,1,1,SYN-TICKET-0658,15.5,,Q
659,0,2,Synthetic Passenger 0659,male,23,0,0,SYN-TICKET-0659,13,,S
660,0,1,Synthetic Passenger 0660,male,58,0,2,SYN-TICKET-0660,113.275,D48,C
661,1,1,Synthetic Passenger 0661,male,50,2,0,SYN-TICKET-0661,133.65,,S
662,0,3,Synthetic Passenger 0662,male,40,0,0,SYN-TICKET-0662,7.225,,C
663,0,1,Synthetic Passenger 0663,male,47,0,0,SYN-TICKET-0663,25.5875,E58,S
664,0,3,Synthetic Passenger 0664,male,36,0,0,SYN-TICKET-0664,7.4958,,S
665,1,3,Synthetic Passenger 0665,male,20,1,0,SYN-TICKET-0665,7.925,,S
666,0,2,Synthetic Passenger 0666,male,32,2,0,SYN-TICKET-0666,73.5,,S
667,0,2,Synthetic Passenger 0667,male,25,0,0,SYN-TICKET-0667,13,,S
668,0,3,Synthetic Passenger 0668,male,,0,0,SYN-TICKET-0668,7.775,,S
669,0,3,Synthetic Passenger 0669,male,43,0,0,SYN-TICKET-0669,8.05,,S
670,1,1,Synthetic Passenger 0670,female,,1,0,SYN-TICKET-0670,52,C126,S
671,1,2,Synthetic Passenger 0671,female,40,1,1,SYN-TICKET-0671,39,,S
672,0,1,Synthetic Passenger 0672,male,31,1,0,SYN-TICKET-0672,52,B71,S
673,0,2,Synthetic Passenger 0673,male,70,0,0,SYN-TICKET-0673,10.5,,S
674,1,2,Synthetic Passenger 0674,male,31,0,0,SYN-TICKET-0674,13,,S
675,0,2,Synthetic Passenger 0675,male,,0,0,SYN-TICKET-0675,0,,S
676,0,3,Synthetic Passenger 0676,male,18,0,0,SYN-TICKET-0676,7.775,,S
677,0,3,Synthetic Passenger 0677,male,24.5,0,0,SYN-TICKET-0677,8.05,,S
678,1,3,Synthetic Passenger 0678,female,18,0,0,SYN-TICKET-0678,9.8417,,S
679,0,3,Synthetic Passenger 0679,female,43,1,6,SYN-TICKET-0679,46.9,,S
680,1,1,Synthetic Passenger 0680,male,36,0,1,SYN-TICKET-0680,512.3292,B51 B53 B55,C
681,0,3,Synthetic Passenger 0681,female,,0,0,SYN-TICKET-0681,8.1375,,Q
682,1,1,Synthetic Passenger 0682,male,27,0,0,SYN-TICKET-0682,76.7292,D49,C
683,0,3,Synthetic Passenger 0683,male,20,0,0,SYN-TICKET-0683,9.225,,S
684,0,3,Synthetic Passenger 0684,male,14,5,2,SYN-TICKET-0684,46.9,,S
685,0,2,Synthetic Passenger 0685,male,60,1,1,SYN-TICKET-0685,39,,S
686,0,2,Synthetic Passenger 0686,male,25,1,2,SYN-TICKET-0686,41.5792,,C
687,0,3,Synthetic Passenger 0687,male,14,4,1,SYN-TICKET-0687,39.6875,,S
688,0,3,Synthetic Passenger 0688,male,19,0,0,SYN-TICKET-0688,10.1708,,S
689,0,3,Synthetic Passenger 0689,male,18,0,0,SYN-TICKET-0689,7.7958,,S
690,1,1,Synthetic Passenger 0690,female,15,0,1,SYN-TICKET-0690,211.3375,B5,S
691,1,1,Synthetic Passenger 0691,male,31,1,0,SYN-TICKET-0691,57,B20,S
692,1,3,Synthetic Passenger 0692,female,4,0,1,SYN-TICKET-0692,13.4167,,C
693,1,3,Synthetic Passenger 0693,male,,0,0,SYN-TICKET-0693,56.4958,,S
694,0,3,Synthetic Passenger 0694,male,25,0,0,SYN-TICKET-0694,7.225,,C
695,0,1,Synthetic Passenger 0695,male,60,0,0,SYN-TICKET-0695,26.55,,S
696,0,2,Synthetic Passenger 0696,male,52,0,0,SYN-TICKET-0696,13.5,,S
697,0,3,Synthetic Passenger 0697,male,44,0,0,SYN-TICKET-0697,8.05,,S
698,1,3,Synthetic Passenger 0698,female,,0,0,SYN-TICKET-0698,7.7333,,Q
699,0,1,Synthetic Passenger 0699,male,49,1,1,SYN-TICKET-0699,110.8833,C68,C
700,0,3,Synthetic Passenger 0700,male,42,0,0,SYN-TICKET-0700,7.65,F G63,S
701,1,1,Synthetic Passenger 0701,female,18,1,0,SYN-TICKET-0701,227.525,C62 C64,C
702,1,1,Synthetic Passenger 0702,male,35,0,0,SYN-TICKET-0702,26.2875,E24,S
703,0,3,Synthetic Passenger 0703,female,18,0,1,SYN-TICKET-0703,14.4542,,C
704,0,3,Synthetic Passenger 0704,male,25,0,0,SYN-TICKET-0704,7.7417,,Q
705,0,3,Synthetic Passenger 0705,male,26,1,0,SYN-TICKET-0705,7.8542,,S
706,0,2,Synthetic Passenger 0706,male,39,0,0,SYN-TICKET-0706,26,,S
707,1,2,Synthetic Passenger 0707,female,45,0,0,SYN-TICKET-0707,13.5,,S
708,1,1,Synthetic Passenger 0708,male,42,0,0,SYN-TICKET-0708,26.2875,E24,S
709,1,1,Synthetic Passenger 0709,female,22,0,0,SYN-TICKET-0709,151.55,,S
710,1,3,Synthetic Passenger 0710,male,,1,1,SYN-TICKET-0710,15.2458,,C
711,1,1,Synthetic Passenger 0711,female,24,0,0,SYN-TICKET-0711,49.5042,C90,C
712,0,1,Synthetic Passenger 0712,male,,0,0,SYN-TICKET-0712,26.55,C124,S
713,1,1,Synthetic Passenger 0713,male,48,1,0,SYN-TICKET-0713,52,C126,S
714,0,3,Synthetic Passenger 0714,male,29,0,0,SYN-TICKET-0714,9.4833,,S
715,0,2,Synthetic Passenger 0715,male,52,0,0,SYN-TICKET-0715,13,,S
716,0,3,Synthetic Passenger 0716,male,19,0,0,SYN-TICKET-0716,7.65,F G73,S
717,1,1,Synthetic Passenger 0717,female,38,0,0,SYN-TICKET-0717,227.525,C45,C
718,1,2,Synthetic Passenger 0718,female,27,0,0,SYN-TICKET-0718,10.5,E101,S
719,0,3,Synthetic Passenger 0719,male,,0,0,SYN-TICKET-0719,15.5,,Q
720,0,3,Synthetic Passenger 0720,male,33,0,0,SYN-TICKET-0720,7.775,,S
721,1,2,Synthetic Passenger 0721,female,6,0,1,SYN-TICKET-0721,33,,S
722,0,3,Synthetic Passenger 0722,male,17,1,0,SYN-TICKET-0722,7.0542,,S
723,0,2,Synthetic Passenger 0723,male,34,0,0,SYN-TICKET-0723,13,,S
724,0,2,Synthetic Passenger 0724,male,50,0,0,SYN-TICKET-0724,13,,S
725,1,1,Synthetic Passenger 0725,male,27,1,0,SYN-TICKET-0725,53.1,E8,S
726,0,3,Synthetic Passenger 0726,male,20,0,0,SYN-TICKET-0726,8.6625,,S
727,1,2,Synthetic Passenger 0727,female,30,3,0,SYN-TICKET-0727,21,,S
728,1,3,Synthetic Passenger 0728,female,,0,0,SYN-TICKET-0728,7.7375,,Q
729,0,2,Synthetic Passenger 0729,male,25,1,0,SYN-TICKET-0729,26,,S
730,0,3,Synthetic Passenger 0730,female,25,1,0,SYN-TICKET-0730,7.925,,S
731,1,1,Synthetic Passenger 0731,female,29,0,0,SYN-TICKET-0731,211.3375,B5,S
732,0,3,Synthetic Passenger 0732,male,11,0,0,SYN-TICKET-0732,18.7875,,C
733,0,2,Synthetic Passenger 0733,male,,0,0,SYN-TICKET-0733,0,,S
734,0,2,Synthetic Passenger 0734,male,23,0,0,SYN-TICKET-0734,13,,S
735,0,2,Synthetic Passenger 0735,male,23,0,0,SYN-TICKET-0735,13,,S
736,0,3,Synthetic Passenger 0736,male,28.5,0,0,SYN-TICKET-0736,16.1,,S
737,0,3,Synthetic Passenger 0737,female,48,1,3,SYN-TICKET-0737,34.375,,S
738,1,1,Synthetic Passenger 0738,male,35,0,0,SYN-TICKET-0738,512.3292,B101,C
739,0,3,Synthetic Passenger 0739,male,,0,0,SYN-TICKET-0739,7.8958,,S
740,0,3,Synthetic Passenger 0740,male,,0,0,SYN-TICKET-0740,7.8958,,S
741,1,1,Synthetic Passenger 0741,male,,0,0,SYN-TICKET-0741,30,D45,S
742,0,1,Synthetic Passenger 0742,male,36,1,0,SYN-TICKET-0742,78.85,C46,S
743,1,1,Synthetic Passenger 0743,female,21,2,2,SYN-TICKET-0743,262.375,B57 B59 B63 B66,C
744,0,3,Synthetic Passenger 0744,male,24,1,0,SYN-TICKET-0744,16.1,,S
745,1,3,Synthetic Passenger 0745,male,31,0,0,SYN-TICKET-0745,7.925,,S
746,0,1,Synthetic Passenger 0746,male,70,1,1,SYN-TICKET-0746,71,B22,S
747,0,3,Synthetic Passenger 0747,male,16,1,1,SYN-TICKET-0747,20.25,,S
748,1,2,Synthetic Passenger 0748,female,30,0,0,SYN-TICKET-0748,13,,S
749,0,1,Synthetic Passenger 0749,male,19,1,0,SYN-TICKET-0749,53.1,D30,S
750,0,3,Synthetic Passenger 0750,male,31,0,0,SYN-TICKET-0750,7.75,,Q
751,1,2,Synthetic Passenger 0751,female,4,1,1,SYN-TICKET-0751,23,,S
752,1,3,Synthetic Passenger 0752,male,6,0,1,SYN-TICKET-0752,12.475,E121,S
753,0,3,Synthetic Passenger 0753,male,33,0,0,SYN-TICKET-0753,9.5,,S
754,0,3,Synthetic Passenger 0754,male,23,0,0,SYN-TICKET-0754,7.8958,,S
755,1,2,Synthetic Passenger 0755,female,48,1,2,SYN-TICKET-0755,65,,S
756,1,2,Synthetic Passenger 0756,male,0.67,1,1,SYN-TICKET-0756,14.5,,S
757,0,3,Synthetic Passenger 0757,male,28,0,0,SYN-TICKET-0757,7.7958,,S
758,0,2,Synthetic Passenger 0758,male,18,0,0,SYN-TICKET-0758,11.5,,S
759,0,3,Synthetic Passenger 0759,male,34,0,0,SYN-TICKET-0759,8.05,,S
760,1,1,Synthetic Passenger 0760,female,33,0,0,SYN-TICKET-0760,86.5,B77,S
761,0,3,Synthetic Passenger 0761,male,,0,0,SYN-TICKET-0761,14.5,,S
762,0,3,Synthetic Passenger 0762,male,41,0,0,SYN-TICKET-0762,7.125,,S
763,1,3,Synthetic Passenger 0763,male,20,0,0,SYN-TICKET-0763,7.2292,,C
764,1,1,Synthetic Passenger 0764,female,36,1,2,SYN-TICKET-0764,120,B96 B98,S
765,0,3,Synthetic Passenger 0765,male,16,0,0,SYN-TICKET-0765,7.775,,S
766,1,1,Synthetic Passenger 0766,female,51,1,0,SYN-TICKET-0766,77.9583,D11,S
767,0,1,Synthetic Passenger 0767,male,,0,0,SYN-TICKET-0767,39.6,,C
768,0,3,Synthetic Passenger 0768,female,30.5,0,0,SYN-TICKET-0768,7.75,,Q
769,0,3,Synthetic Passenger 0769,male,,1,0,SYN-TICKET-0769,24.15,,Q
770,0,3,Synthetic Passenger 0770,male,32,0,0,SYN-TICKET-0770,8.3625,,S
771,0,3,Synthetic Passenger 0771,male,24,0,0,SYN-TICKET-0771,9.5,,S
772,0,3,Synthetic Passenger 0772,male,48,0,0,SYN-TICKET-0772,7.8542,,S
773,0,2,Synthetic Passenger 0773,female,57,0,0,SYN-TICKET-0773,10.5,E77,S
774,0,3,Synthetic Passenger 0774,male,,0,0,SYN-TICKET-0774,7.225,,C
775,1,2,Synthetic Passenger 0775,female,54,1,3,SYN-TICKET-0775,23,,S
776,0,3,Synthetic Passenger 0776,male,18,0,0,SYN-TICKET-0776,7.75,,S
777,0,3,Synthetic Passenger 0777,male,,0,0,SYN-TICKET-0777,7.75,F38,Q
778,1,3,Synthetic Passenger 0778,female,5,0,0,SYN-TICKET-0778,12.475,,S
779,0,3,Synthetic Passenger 0779,male,,0,0,SYN-TICKET-0779,7.7375,,Q
780,1,1,Synthetic Passenger 0780,female,43,0,1,SYN-TICKET-0780,211.3375,B3,S
781,1,3,Synthetic Passenger 0781,female,13,0,0,SYN-TICKET-0781,7.2292,,C
782,1,1,Synthetic Passenger 0782,female,17,1,0,SYN-TICKET-0782,57,B20,S
783,0,1,Synthetic Passenger 0783,male,29,0,0,SYN-TICKET-0783,30,D6,S
784,0,3,Synthetic Passenger 0784,male,,1,2,SYN-TICKET-0784,23.45,,S
785,0,3,Synthetic Passenger 0785,male,25,0,0,SYN-TICKET-0785,7.05,,S
786,0,3,Synthetic Passenger 0786,male,25,0,0,SYN-TICKET-0786,7.25,,S
787,1,3,Synthetic Passenger 0787,female,18,0,0,SYN-TICKET-0787,7.4958,,S
788,0,3,Synthetic Passenger 0788,male,8,4,1,SYN-TICKET-0788,29.125,,Q
789,1,3,Synthetic Passenger 0789,male,1,1,2,SYN-TICKET-0789,20.575,,S
790,0,1,Synthetic Passenger 0790,male,46,0,0,SYN-TICKET-0790,79.2,B82 B84,C
791,0,3,Synthetic Passenger 0791,male,,0,0,SYN-TICKET-0791,7.75,,Q
792,0,2,Synthetic Passenger 0792,male,16,0,0,SYN-TICKET-0792,26,,S
793,0,3,Synthetic Passenger 0793,female,,8,2,SYN-TICKET-0793,69.55,,S
794,0,1,Synthetic Passenger 0794,male,,0,0,SYN-TICKET-0794,30.6958,,C
795,0,3,Synthetic Passenger 0795,male,25,0,0,SYN-TICKET-0795,7.8958,,S
796,0,2,Synthetic Passenger 0796,male,39,0,0,SYN-TICKET-0796,13,,S
797,1,1,Synthetic Passenger 0797,female,49,0,0,SYN-TICKET-0797,25.9292,D17,S
798,1,3,Synthetic Passenger 0798,female,31,0,0,SYN-TICKET-0798,8.6833,,S
799,0,3,Synthetic Passenger 0799,male,30,0,0,SYN-TICKET-0799,7.2292,,C
800,0,3,Synthetic Passenger 0800,female,30,1,1,SYN-TICKET-0800,24.15,,S
801,0,2,Synthetic Passenger 0801,male,34,0,0,SYN-TICKET-0801,13,,S
802,1,2,Synthetic Passenger 0802,female,31,1,1,SYN-TICKET-0802,26.25,,S
803,1,1,Synthetic Passenger 0803,male,11,1,2,SYN-TICKET-0803,120,B96 B98,S
804,1,3,Synthetic Passenger 0804,male,0.42,0,1,SYN-TICKET-0804,8.5167,,C
805,1,3,Synthetic Passenger 0805,male,27,0,0,SYN-TICKET-0805,6.975,,S
806,0,3,Synthetic Passenger 0806,male,31,0,0,SYN-TICKET-0806,7.775,,S
807,0,1,Synthetic Passenger 0807,male,39,0,0,SYN-TICKET-0807,0,A36,S
808,0,3,Synthetic Passenger 0808,female,18,0,0,SYN-TICKET-0808,7.775,,S
809,0,2,Synthetic Passenger 0809,male,39,0,0,SYN-TICKET-0809,13,,S
810,1,1,Synthetic Passenger 0810,female,33,1,0,SYN-TICKET-0810,53.1,E8,S
811,0,3,Synthetic Passenger 0811,male,26,0,0,SYN-TICKET-0811,7.8875,,S
812,0,3,Synthetic Passenger 0812,male,39,0,0,SYN-TICKET-0812,24.15,,S
813,0,2,Synthetic Passenger 0813,male,35,0,0,SYN-TICKET-0813,10.5,,S
814,0,3,Synthetic Passenger 0814,female,6,4,2,SYN-TICKET-0814,31.275,,S
815,0,3,Synthetic Passenger 0815,male,30.5,0,0,SYN-TICKET-0815,8.05,,S
816,0,1,Synthetic Passenger 0816,male,,0,0,SYN-TICKET-0816,0,B102,S
817,0,3,Synthetic Passenger 0817,female,23,0,0,SYN-TICKET-0817,7.925,,S
818,0,2,Synthetic Passenger 0818,male,31,1,1,SYN-TICKET-0818,37.0042,,C
819,0,3,Synthetic Passenger 0819,male,43,0,0,SYN-TICKET-0819,6.45,,S
820,0,3,Synthetic Passenger 0820,male,10,3,2,SYN-TICKET-0820,27.9,,S
821,1,1,Synthetic Passenger 0821,female,52,1,1,SYN-TICKET-0821,93.5,B69,S
822,1,3,Synthetic Passenger 0822,male,27,0,0,SYN-TICKET-0822,8.6625,,S
823,0,1,Synthetic Passenger 0823,male,38,0,0,SYN-TICKET-0823,0,,S
824,1,3,Synthetic Passenger 0824,female,27,0,1,SYN-TICKET-0824,12.475,E121,S
825,0,3,Synthetic Passenger 0825,male,2,4,1,SYN-TICKET-0825,39.6875,,S
826,0,3,Synthetic Passenger 0826,male,,0,0,SYN-TICKET-0826,6.95,,Q
827,0,3,Synthetic Passenger 0827,male,,0,0,SYN-TICKET-0827,56.4958,,S
828,1,2,Synthetic Passenger 0828,male,1,0,2,SYN-TICKET-0828,37.0042,,C
829,1,3,Synthetic Passenger 0829,male,,0,0,SYN-TICKET-0829,7.75,,Q
830,1,1,Synthetic Passenger 0830,female,62,0,0,SYN-TICKET-0830,80,B28,
831,1,3,Synthetic Passenger 0831,female,15,1,0,SYN-TICKET-0831,14.4542,,C
832,1,2,Synthetic Passenger 0832,male,0.83,1,1,SYN-TICKET-0832,18.75,,S
833,0,3,Synthetic Passenger 0833,male,,0,0,SYN-TICKET-0833,7.2292,,C
834,0,3,Synthetic Passenger 0834,male,23,0,0,SYN-TICKET-0834,7.8542,,S
835,0,3,Synthetic Passenger 0835,male,18,0,0,SYN-TICKET-0835,8.3,,S
836,1,1,Synthetic Passenger 0836,female,39,1,1,SYN-TICKET-0836,83.1583,E49,C
837,0,3,Synthetic Passenger 0837,male,21,0,0,SYN-TICKET-0837,8.6625,,S
838,0,3,Synthetic Passenger 0838,male,,0,0,SYN-TICKET-0838,8.05,,S
839,1,3,Synthetic Passenger 0839,male,32,0,0,SYN-TICKET-0839,56.4958,,S
840,1,1,Synthetic Passenger 0840,male,,0,0,SYN-TICKET-0840,29.7,C47,C
841,0,3,Synthetic Passenger 0841,male,20,0,0,SYN-TICKET-0841,7.925,,S
842,0,2,Synthetic Passenger 0842,male,16,0,0,SYN-TICKET-0842,10.5,,S
843,1,1,Synthetic Passenger 0843,female,30,0,0,SYN-TICKET-0843,31,,C
844,0,3,Synthetic Passenger 0844,male,34.5,0,0,SYN-TICKET-0844,6.4375,,C
845,0,3,Synthetic Passenger 0845,male,17,0,0,SYN-TICKET-0845,8.6625,,S
846,0,3,Synthetic Passenger 0846,male,42,0,0,SYN-TICKET-0846,7.55,,S
847,0,3,Synthetic Passenger 0847,male,,8,2,SYN-TICKET-0847,69.55,,S
848,0,3,Synthetic Passenger 0848,male,35,0,0,SYN-TICKET-0848,7.8958,,C
849,0,2,Synthetic Passenger 0849,male,28,0,1,SYN-TICKET-0849,33,,S
850,1,1,Synthetic Passenger 0850,female,,1,0,SYN-TICKET-0850,89.1042,C92,C
851,0,3,Synthetic Passenger 0851,male,4,4,2,SYN-TICKET-0851,31.275,,S
852,0,3,Synthetic Passenger 0852,male,74,0,0,SYN-TICKET-0852,7.775,,S
853,0,3,Synthetic Passenger 0853,female,9,1,1,SYN-TICKET-0853,15.2458,,C
854,1,1,Synthetic Passenger 0854,female,16,0,1,SYN-TICKET-0854,39.4,D28,S
855,0,2,Synthetic Passenger 0855,female,44,1,0,SYN-TICKET-0855,26,,S
856,1,3,Synthetic Passenger 0856,female,18,0,1,SYN-TICKET-0856,9.35,,S
857,1,1,Synthetic Passenger 0857,female,45,1,1,SYN-TICKET-0857,164.8667,,S
858,1,1,Synthetic Passenger 0858,male,51,0,0,SYN-TICKET-0858,26.55,E17,S
859,1,3,Synthetic Passenger 0859,female,24,0,3,SYN-TICKET-0859,19.2583,,C
860,0,3,Synthetic Passenger 0860,male,,0,0,SYN-TICKET-0860,7.2292,,C
861,0,3,Synthetic Passenger 0861,male,41,2,0,SYN-TICKET-0861,14.1083,,S
862,0,2,Synthetic Passenger 0862,male,21,1,0,SYN-TICKET-0862,11.5,,S
863,1,1,Synthetic Passenger 0863,female,48,0,0,SYN-TICKET-0863,25.9292,D17,S
864,0,3,Synthetic Passenger 0864,female,,8,2,SYN-TICKET-0864,69.55,,S
865,0,2,Synthetic Passenger 0865,male,24,0,0,SYN-TICKET-0865,13,,S
866,1,2,Synthetic Passenger 0866,female,42,0,0,SYN-TICKET-0866,13,,S
867,1,2,Synthetic Passenger 0867,female,27,1,0,SYN-TICKET-0867,13.8583,,C
868,0,1,Synthetic Passenger 0868,male,31,0,0,SYN-TICKET-0868,50.4958,A24,S
869,0,3,Synthetic Passenger 0869,male,,0,0,SYN-TICKET-0869,9.5,,S
870,1,3,Synthetic Passenger 0870,male,4,1,1,SYN-TICKET-0870,11.1333,,S
871,0,3,Synthetic Passenger 0871,male,26,0,0,SYN-TICKET-0871,7.8958,,S
872,1,1,Synthetic Passenger 0872,female,47,1,1,SYN-TICKET-0872,52.5542,D35,S
873,0,1,Synthetic Passenger 0873,male,33,0,0,SYN-TICKET-0873,5,B51 B53 B55,S
874,0,3,Synthetic Passenger 0874,male,47,0,0,SYN-TICKET-0874,9,,S
875,1,2,Synthetic Passenger 0875,female,28,1,0,SYN-TICKET-0875,24,,C
876,1,3,Synthetic Passenger 0876,female,15,0,0,SYN-TICKET-0876,7.225,,C
877,0,3,Synthetic Passenger 0877,male,20,0,0,SYN-TICKET-0877,9.8458,,S
878,0,3,Synthetic Passenger 0878,male,19,0,0,SYN-TICKET-0878,7.8958,,S
879,0,3,Synthetic Passenger 0879,male,,0,0,SYN-TICKET-0879,7.8958,,S
880,1,1,Synthetic Passenger 0880,female,56,0,1,SYN-TICKET-0880,83.1583,C50,C
881,1,2,Synthetic Passenger 0881,female,25,0,1,SYN-TICKET-0881,26,,S
882,0,3,Synthetic Passenger 0882,male,33,0,0,SYN-TICKET-0882,7.8958,,S
883,0,3,Synthetic Passenger 0883,female,22,0,0,SYN-TICKET-0883,10.5167,,S
884,0,2,Synthetic Passenger 0884,male,28,0,0,SYN-TICKET-0884,10.5,,S
885,0,3,Synthetic Passenger 0885,male,25,0,0,SYN-TICKET-0885,7.05,,S
886,0,3,Synthetic Passenger 0886,female,39,0,5,SYN-TICKET-0886,29.125,,Q
887,0,2,Synthetic Passenger 0887,male,27,0,0,SYN-TICKET-0887,13,,S
888,1,1,Synthetic Passenger 0888,female,19,0,0,SYN-TICKET-0888,30,B42,S
889,0,3,Synthetic Passenger 0889,female,,1,2,SYN-TICKET-0889,23.45,,S
890,1,1,Synthetic Passenger 0890,male,26,0,0,SYN-TICKET-0890,30,C148,C
891,0,3,Synthetic Passenger 0891,male,32,0,0,SYN-TICKET-0891,7.75,,Q
